{
    "BankingApp": {
        "BankingApp.sln": {},
        "BankingApp": {
            "BankingApp.csproj": {},
            "Models": {
                "Account.cs": {},
                "Transaction.cs": {},
                "Customer.cs": {}
            },
            "Data": {
                "BankingContext.cs": {},
                "IRepository.cs": {},
                "Repository.cs": {}
            },
            "Services": {
                "IAccountService.cs": {},
                "AccountService.cs": {},
                "ITransactionService.cs": {},
                "TransactionService.cs": {},
                "ICustomerService.cs": {},
                "CustomerService.cs": {}
            },
            "Controllers": {
                "AccountController.cs": {},
                "TransactionController.cs": {},
                "CustomerController.cs": {}
            },
            "Api": {
                "BankingApi.cs": {}
            },
            "appsettings.json": {},
            "Startup.cs": {},
            "Program.cs": {},
            "Utilities": {
                "Logger.cs": {},
                "Extensions.cs": {}
            }
        },
        "BankingApp.Tests": {
            "BankingApp.Tests.csproj": {},
            "Services": {
                "AccountServiceTests.cs": {},
                "TransactionServiceTests.cs": {},
                "CustomerServiceTests.cs": {}
            },
            "Controllers": {
                "AccountControllerTests.cs": {},
                "TransactionControllerTests.cs": {},
                "CustomerControllerTests.cs": {}
            }
        },
        "Documentation": {
            "README.md": {},
            "API_Documentation.md": {}
        }
    }
}