{
    "Data Usage Monitoring": [
        "src/main/java/com/application/model/DataUsage.java",
        "src/main/java/com/application/repository/DataUsageRepository.java",
        "src/main/java/com/application/service/DataUsageService.java",
        "src/main/java/com/application/service/DataUsageService.java",
        "src/main/java/com/application/controller/DataUsageController.java",
        "src/main/java/com/application/dto/DataUsageDTO.java",
        "src/main/java/com/application/mapper/DataUsageMapper.java"
    ],
    "Customer Data Overage Management": [
        "src/main/java/com/application/service/DataUsageService.java",
        "src/main/java/com/application/service/ReportService.java",
        "src/main/java/com/application/controller/ReportController.java",
        "src/main/java/com/application/report/CustomerDataUsageReportGenerator.java",
        "src/main/java/com/application/report/ReportDataRetriever.java",
        "src/main/java/com/application/report/ReportDataProcessor.java",
        "src/main/java/com/application/report/ReportDataValidator.java",
        "src/main/java/com/application/report/ReportDataFormatter.java",
        "src/main/java/com/application/report/ReportDataExporter.java",
        "src/main/java/com/application/report/ReportDataVisualizer.java",
        "src/main/java/com/application/report/ReportDataLogger.java",
        "src/main/java/com/application/report/ReportDataErrorHandler.java",
        "src/main/java/com/application/report/ReportDataAccessManager.java"
    ],
    "Data Usage Trend Analysis": [
        "src/main/java/com/application/service/DataUsageService.java",
        "src/main/java/com/application/report/DataUsageTrendAnalyzer.java",
        "src/main/java/com/application/report/DataUsageTrendAnalyzer.java",
        "src/main/java/com/application/report/ReportExporter.java",
        "src/main/java/com/application/report/ReportFilter.java",
        "src/main/java/com/application/report/ReportVisualizer.java"
    ],
    "Customer Data Usage Notifications": [
        "src/main/java/com/application/service/DataUsageService.java",
        "src/main/java/com/application/service/NotificationService.java",
        "src/main/java/com/application/service/NotificationService.java",
        "src/main/java/com/application/controller/NotificationController.java",
        "src/main/java/com/application/util/EmailUtil.java",
        "src/main/java/com/application/util/SMSUtil.java",
        "src/main/java/com/application/dto/NotificationDTO.java",
        "src/main/java/com/application/scheduler/NotificationScheduler.java",
        "src/main/java/com/application/notification/EmailNotificationService.java",
        "src/main/java/com/application/notification/SMSNotificationService.java"
    ],
    "Customer Data Usage Reports": [
        "src/main/java/com/application/service/DataUsageService.java",
        "src/main/java/com/application/report/CustomerDataUsageReportGenerator.java",
        "src/main/java/com/application/report/CustomerDataUsageReportGenerator.java",
        "src/main/java/com/application/report/ReportDataRetriever.java",
        "src/main/java/com/application/report/ReportDataProcessor.java",
        "src/main/java/com/application/report/ReportDataValidator.java",
        "src/main/java/com/application/report/ReportDataFormatter.java",
        "src/main/java/com/application/report/ReportDataExporter.java",
        "src/main/java/com/application/report/ReportDataVisualizer.java",
        "src/main/java/com/application/report/ReportDataLogger.java",
        "src/main/java/com/application/report/ReportDataErrorHandler.java",
        "src/main/java/com/application/report/ReportDataAccessManager.java"
    ],
    "Data Usage Notifications": [
        "src/main/java/com/application/service/DataUsageService.java",
        "src/main/java/com/application/service/NotificationService.java",
        "src/main/java/com/application/service/NotificationService.java",
        "src/main/java/com/application/controller/NotificationController.java",
        "src/main/java/com/application/util/EmailUtil.java",
        "src/main/java/com/application/util/SMSUtil.java",
        "src/main/java/com/application/dto/NotificationDTO.java",
        "src/main/java/com/application/scheduler/NotificationScheduler.java",
        "src/main/java/com/application/notification/EmailNotificationService.java",
        "src/main/java/com/application/notification/SMSNotificationService.java"
    ]
}