{
    "src": {
        "main": {
            "java": {
                "com": {
                    "application": {
                        "Main.java": {},
                        "config": {
                            "AppConfig.java": {},
                            "SwaggerConfig.java": {},
                            "DatabaseConfig.java": {},
                            "MessagingConfig.java": {},
                            "SchedulerConfig.java": {}
                        },
                        "model": {
                            "Customer.java": {},
                            "DataUsage.java": {},
                            "Notification.java": {}
                        },
                        "repository": {
                            "CustomerRepository.java": {},
                            "DataUsageRepository.java": {},
                            "NotificationRepository.java": {}
                        },
                        "service": {
                            "CustomerService.java": {},
                            "DataUsageService.java": {},
                            "NotificationService.java": {},
                            "ReportService.java": {}
                        },
                        "controller": {
                            "CustomerController.java": {},
                            "DataUsageController.java": {},
                            "NotificationController.java": {},
                            "ReportController.java": {}
                        },
                        "util": {
                            "EmailUtil.java": {},
                            "SMSUtil.java": {},
                            "ReportUtil.java": {}
                        },
                        "exception": {
                            "CustomException.java": {},
                            "GlobalExceptionHandler.java": {}
                        },
                        "dto": {
                            "CustomerDTO.java": {},
                            "DataUsageDTO.java": {},
                            "NotificationDTO.java": {},
                            "ReportDTO.java": {}
                        },
                        "mapper": {
                            "CustomerMapper.java": {},
                            "DataUsageMapper.java": {},
                            "NotificationMapper.java": {},
                            "ReportMapper.java": {}
                        },
                        "security": {
                            "SecurityConfig.java": {},
                            "UserDetailsServiceImpl.java": {},
                            "JwtAuthenticationFilter.java": {},
                            "JwtTokenProvider.java": {},
                            "JwtAuthenticationEntryPoint.java": {},
                            "JwtRequestFilter.java": {},
                            "JwtUtil.java": {}
                        },
                        "scheduler": {
                            "NotificationScheduler.java": {},
                            "ReportScheduler.java": {}
                        },
                        "notification": {
                            "EmailNotificationService.java": {},
                            "SMSNotificationService.java": {}
                        },
                        "report": {
                            "CustomerDataUsageReportGenerator.java": {},
                            "DataUsageTrendAnalyzer.java": {},
                            "ReportExporter.java": {},
                            "ReportFormatter.java": {},
                            "ReportFilter.java": {},
                            "ReportVisualizer.java": {},
                            "ReportLogger.java": {},
                            "ReportErrorHandler.java": {},
                            "ReportAccessManager.java": {},
                            "ReportDataRetriever.java": {},
                            "ReportDataProcessor.java": {},
                            "ReportDataValidator.java": {},
                            "ReportDataFormatter.java": {},
                            "ReportDataExporter.java": {},
                            "ReportDataVisualizer.java": {},
                            "ReportDataLogger.java": {},
                            "ReportDataErrorHandler.java": {},
                            "ReportDataAccessManager.java": {}
                        }
                    }
                }
            }
        }
    }
}